SCHOLARSHIP,SALARY,MOTHER_EDU,FATHER_EDU,#_SIBLINGS,STUDY_HRS,READ_FREQ,READ_FREQ_SCI,ATTEND,NOTES,LISTENS,LIKES_DISCUSS,CUML_GPA,EXP_GPA,GRADE,AGE_1,AGE_2,AGE_3,GENDER_1,GENDER_2,HS_TYPE_1,HS_TYPE_2,HS_TYPE_3,WORK_1,WORK_2,ACTIVITY_1,ACTIVITY_2,PARTNER_1,PARTNER_2,TRANSPORT_1,TRANSPORT_2,TRANSPORT_3,TRANSPORT_4,LIVING_1,LIVING_2,LIVING_3,LIVING_4,KIDS_1,KIDS_2,KIDS_3,MOTHER_JOB_1,MOTHER_JOB_2,MOTHER_JOB_3,MOTHER_JOB_4,MOTHER_JOB_5,FATHER_JOB_1,FATHER_JOB_2,FATHER_JOB_3,FATHER_JOB_4,FATHER_JOB_5,ATTEND_DEPT_1,ATTEND_DEPT_2,IMPACT_1,IMPACT_2,IMPACT_3,PREP_STUDY_1,PREP_STUDY_2,PREP_STUDY_3,PREP_EXAM_1,PREP_EXAM_2,PREP_EXAM_3,CLASSROOM_1,CLASSROOM_2,CLASSROOM_3
2,0,0,1,2,2,1,1,0,2,1,0,0,0,1,0,1,0,0,1,0,0,1,1,0,0,1,0,1,1,0,0,0,1,0,0,0,1,0,0,0,1,0,0,0,0,0,0,0,1,1,0,1,0,0,1,0,0,1,0,0,0,1,0
2,0,1,2,1,1,1,1,0,2,1,2,1,2,1,0,1,0,0,1,0,0,1,1,0,0,1,0,1,1,0,0,0,1,0,0,0,1,0,0,0,1,0,0,0,1,0,0,0,0,1,0,1,0,0,1,0,0,1,0,0,0,1,0
2,1,1,1,1,1,0,1,0,1,1,0,1,1,1,0,1,0,0,1,0,1,0,0,1,0,1,0,1,0,0,0,1,0,1,0,0,1,0,0,0,1,0,0,0,1,0,0,0,0,1,0,1,0,0,1,0,0,1,0,0,1,0,0
2,1,0,1,4,2,0,1,0,2,1,1,2,1,1,1,0,0,1,0,1,0,0,1,0,0,1,1,0,1,0,0,0,0,1,0,0,1,0,0,0,1,0,0,0,1,0,0,0,0,1,0,1,0,0,1,0,0,0,1,0,1,0,0
2,2,2,2,1,1,0,0,0,1,1,1,1,1,1,0,1,0,0,1,1,0,0,0,1,0,1,1,0,1,0,0,0,0,0,0,1,1,0,0,0,1,0,0,0,0,0,0,1,0,1,0,1,0,0,0,1,0,1,0,0,1,0,0
2,1,2,2,1,0,0,1,0,0,1,0,3,3,2,0,1,0,0,1,0,1,0,0,1,0,1,0,1,1,0,0,0,1,0,0,0,1,0,0,0,1,0,0,0,0,0,1,0,0,1,0,1,0,0,1,0,0,1,0,0,0,1,0
3,0,0,2,0,1,1,1,1,2,2,2,3,3,5,1,0,0,0,1,0,1,0,0,1,0,1,0,1,1,0,0,0,0,0,1,0,1,0,0,0,1,0,0,0,0,0,0,1,0,0,1,1,0,0,1,0,0,1,0,0,0,0,1
2,1,3,2,0,0,1,1,0,2,1,1,0,0,2,1,0,0,1,0,0,1,0,1,0,1,0,1,0,0,1,0,0,0,0,1,0,1,0,0,0,0,0,1,0,0,0,1,0,0,1,0,1,0,0,0,0,1,1,0,0,1,0,0
2,0,1,3,1,0,1,1,0,2,1,1,3,2,5,0,1,0,1,0,0,0,1,0,1,1,0,1,0,1,0,0,0,0,0,1,0,1,0,0,0,1,0,0,0,0,0,0,1,0,1,0,1,0,0,1,0,0,1,0,0,0,1,0
2,2,0,1,2,1,1,1,1,1,1,1,0,1,0,0,1,0,1,0,0,1,0,0,1,0,1,1,0,0,0,0,1,0,1,0,0,1,0,0,0,1,0,0,0,0,0,1,0,0,1,0,1,0,0,1,0,0,1,0,0,0,1,0
2,2,2,3,1,0,0,0,1,1,1,1,0,0,2,1,0,0,1,0,1,0,0,0,1,0,1,0,1,0,1,0,0,0,0,1,0,1,0,0,0,0,1,0,0,0,1,0,0,0,1,0,1,0,0,1,0,0,1,0,0,0,1,0
3,3,4,4,0,2,2,2,0,2,0,2,3,2,0,1,0,0,1,0,1,0,0,1,0,1,0,0,1,0,1,0,0,0,0,1,0,1,0,0,0,0,1,0,0,0,1,0,0,0,1,0,0,0,1,0,0,1,0,1,0,0,0,1
3,0,2,4,3,2,1,1,0,1,1,1,3,1,0,1,0,0,1,0,1,0,0,0,1,0,1,0,1,1,0,0,0,1,0,0,0,0,1,0,0,1,0,0,0,0,1,0,0,0,1,0,1,0,0,1,0,0,1,0,0,0,0,1
4,0,1,1,1,0,1,0,1,2,1,2,3,1,1,0,1,0,1,0,0,1,0,0,1,0,1,0,1,1,0,0,0,1,0,0,0,1,0,0,0,1,0,0,0,0,0,1,0,0,1,0,1,0,0,1,0,0,1,0,0,0,0,1
3,2,2,0,1,1,1,1,0,1,2,1,3,3,2,0,0,1,0,1,0,1,0,1,0,1,0,0,1,0,0,0,1,0,1,0,0,1,0,0,0,0,0,1,0,1,0,0,0,0,1,0,1,0,0,1,0,0,1,0,0,1,0,0
2,0,3,3,1,1,1,1,1,2,1,1,1,1,2,0,1,0,0,1,0,1,0,0,1,0,1,0,1,1,0,0,0,0,1,0,0,1,0,0,0,0,1,0,0,1,0,0,0,0,0,1,0,0,1,1,0,0,1,0,0,0,0,1
4,0,1,1,3,1,1,1,1,2,1,2,3,2,1,1,0,0,1,0,0,1,0,0,1,1,0,0,1,1,0,0,0,1,0,0,0,1,0,0,0,1,0,0,0,0,0,1,0,0,1,0,1,0,0,1,0,0,1,0,0,0,0,1
2,0,1,1,1,1,1,1,1,1,1,1,1,1,2,0,1,0,0,1,0,1,0,0,1,0,1,0,1,1,0,0,0,1,0,0,0,1,0,0,0,1,0,0,0,1,0,0,0,0,0,1,1,0,0,1,0,0,1,0,0,0,1,0
3,2,1,1,4,4,2,1,1,2,0,2,2,2,2,1,0,0,1,0,0,1,0,0,1,0,1,0,1,1,0,0,0,1,0,0,0,1,0,0,0,1,0,0,0,0,0,0,0,1,0,1,1,0,0,1,0,0,1,0,0,0,0,1
2,1,2,2,2,3,1,1,0,2,1,1,1,2,3,1,0,0,0,1,1,0,0,0,1,0,1,1,0,0,1,0,0,0,1,0,0,1,0,0,0,1,0,0,0,0,0,0,1,0,1,0,0,1,0,1,0,0,1,0,0,0,0,1
4,0,2,2,2,3,1,1,0,2,0,1,3,3,1,1,0,0,0,1,0,1,0,1,0,0,1,1,0,0,0,0,1,0,1,0,0,0,1,0,0,1,0,0,0,0,0,1,0,0,0,1,1,0,0,1,0,0,0,1,0,0,0,1
4,0,1,1,3,2,1,1,0,2,0,2,2,2,1,1,0,0,0,1,0,1,0,0,1,0,1,1,0,0,0,0,1,0,1,0,0,1,0,0,0,1,0,0,0,0,0,1,0,0,1,0,1,0,0,1,0,0,1,0,0,0,0,1
2,0,0,0,3,2,2,2,0,2,0,1,2,2,3,0,1,0,0,1,0,1,0,1,0,0,1,1,0,1,0,0,0,1,0,0,0,0,1,0,0,1,0,0,0,0,0,0,1,0,1,0,1,0,0,1,0,0,0,1,0,0,0,1
1,4,0,3,2,2,1,2,1,2,1,2,2,2,1,0,0,1,0,1,0,1,0,1,0,1,0,0,1,1,0,0,0,1,0,0,0,1,0,0,0,1,0,0,0,1,0,0,0,0,1,0,1,0,0,1,0,0,1,0,0,0,0,1
2,1,2,0,2,0,1,1,0,1,0,2,3,3,2,0,1,0,0,1,0,1,0,0,1,0,1,0,1,1,0,0,0,1,0,0,0,1,0,0,0,1,0,0,0,0,0,0,1,0,1,0,1,0,0,1,0,0,1,0,0,0,1,0
2,0,0,3,2,1,1,1,0,1,0,2,0,1,3,0,1,0,0,1,0,1,0,0,1,0,1,1,0,1,0,0,0,0,1,0,0,1,0,0,0,1,0,0,0,0,0,0,1,0,1,0,1,0,0,1,0,0,1,0,0,0,1,0
2,0,3,3,3,1,2,1,0,2,2,2,1,0,1,0,1,0,0,1,0,1,0,0,1,1,0,1,0,1,0,0,0,1,0,0,0,1,0,0,0,1,0,0,0,0,0,0,1,0,1,0,1,0,0,1,0,0,1,0,0,0,1,0
2,0,0,0,3,2,1,1,1,2,0,1,1,0,1,1,0,0,0,1,1,0,0,1,0,0,1,0,1,1,0,0,0,1,0,0,0,1,0,0,0,1,0,0,0,0,0,1,0,0,1,0,1,0,0,1,0,0,1,0,0,1,0,0
2,0,1,1,3,1,1,1,0,2,1,2,4,3,3,0,0,1,0,1,0,1,0,0,1,0,1,1,0,0,0,0,1,0,1,0,0,1,0,0,0,1,0,0,0,1,0,0,0,0,1,0,1,0,0,1,0,0,1,0,0,0,0,1
3,0,2,2,1,1,1,1,0,2,1,1,3,2,5,0,1,0,0,1,0,0,1,0,1,0,1,0,1,0,0,0,1,0,1,0,0,1,0,0,0,0,0,1,0,1,0,0,0,0,1,0,1,0,0,1,0,0,1,0,0,0,1,0
4,0,0,0,4,1,1,1,0,1,2,2,4,3,5,0,1,0,0,1,0,1,0,1,0,1,0,1,0,1,0,0,0,0,1,0,0,1,0,0,0,1,0,0,0,0,0,0,1,0,1,0,1,0,0,0,1,0,1,0,0,0,0,1
2,0,0,1,3,1,1,2,0,2,2,1,3,2,3,0,0,1,0,1,0,1,0,1,0,0,1,0,1,1,0,0,0,0,1,0,0,1,0,0,0,1,0,0,0,0,0,1,0,0,1,0,1,0,0,1,0,0,1,0,0,0,0,1
2,1,1,1,1,1,1,1,1,1,1,1,1,2,1,0,1,0,1,0,0,1,0,0,1,0,1,0,1,1,0,0,0,1,0,0,0,1,0,0,0,1,0,0,0,1,0,0,0,0,1,0,1,0,0,1,0,0,1,0,0,1,0,0
2,0,0,1,4,1,0,1,0,0,2,1,1,2,2,0,1,0,1,0,0,1,0,1,0,0,1,1,0,1,0,0,0,1,0,0,0,1,0,0,0,1,0,0,0,0,0,1,0,0,1,0,1,0,0,1,0,0,1,0,0,0,1,0
2,1,2,2,2,1,0,0,1,1,1,2,3,0,2,1,0,0,0,1,1,0,0,0,1,0,1,1,0,1,0,0,0,1,0,0,0,1,0,0,0,1,0,0,0,0,0,0,1,0,1,0,1,0,0,1,0,0,1,0,0,1,0,0
3,2,0,1,4,1,1,1,1,1,0,2,0,0,1,1,0,0,0,1,1,0,0,0,1,0,1,0,1,1,0,0,0,1,0,0,0,1,0,0,0,1,0,0,0,0,0,1,0,0,1,0,1,0,0,1,0,0,1,0,0,1,0,0
3,2,0,0,1,0,0,2,1,1,0,1,3,2,2,0,1,0,0,1,0,0,1,1,0,0,1,1,0,1,0,0,0,1,0,0,0,0,1,0,0,0,0,1,0,0,0,1,0,0,1,0,1,0,0,0,1,0,1,0,0,1,0,0
2,1,2,2,0,1,1,1,0,2,1,2,4,3,1,0,1,0,0,1,0,1,0,1,0,1,0,1,0,0,1,0,0,0,0,1,0,1,0,0,0,1,0,0,0,0,0,1,0,0,1,0,1,0,0,1,0,0,1,0,0,0,0,1
4,0,2,2,0,2,1,1,0,1,1,1,3,2,2,0,1,0,0,1,0,1,0,0,1,0,1,0,1,1,0,0,0,1,0,0,0,1,0,0,0,1,0,0,0,0,0,0,1,0,1,0,1,0,0,0,1,0,1,0,0,0,1,0
2,0,0,2,0,0,1,0,0,1,1,1,1,0,1,0,1,0,1,0,0,1,0,0,1,0,1,1,0,1,0,0,0,0,1,0,0,1,0,0,0,1,0,0,0,0,0,0,1,0,1,0,1,0,0,1,0,0,1,0,0,0,0,1
2,1,1,2,0,0,1,1,0,2,0,1,1,2,1,1,0,0,0,1,1,0,0,0,1,0,1,0,1,1,0,0,0,1,0,0,0,1,0,0,0,1,0,0,0,0,0,0,0,1,1,0,1,0,0,1,0,0,1,0,0,1,0,0
2,1,0,3,1,2,1,1,1,2,1,1,3,2,1,0,0,1,0,1,0,1,0,1,0,0,1,0,1,1,0,0,0,0,1,0,0,1,0,0,0,1,0,0,0,0,1,0,0,0,1,0,1,0,0,1,0,0,1,0,0,0,0,1
2,0,3,3,1,1,1,0,0,1,0,2,1,2,1,0,1,0,0,1,0,1,0,0,1,1,0,0,1,0,0,0,1,0,1,0,0,1,0,0,0,0,1,0,0,1,0,0,0,0,1,0,1,0,0,1,0,0,1,0,0,1,0,0
2,0,1,2,2,1,1,1,1,2,0,2,2,1,4,1,0,0,0,1,0,1,0,0,1,0,1,1,0,1,0,0,0,1,0,0,0,1,0,0,0,1,0,0,0,1,0,0,0,0,1,0,1,0,0,1,0,0,1,0,0,0,0,1
2,0,0,2,1,1,1,1,0,2,1,1,3,2,1,0,1,0,0,1,0,0,1,0,1,0,1,1,0,1,0,0,0,1,0,0,0,1,0,0,0,1,0,0,0,0,0,0,0,1,1,0,1,0,0,0,1,0,1,0,0,1,0,0
2,3,1,2,4,2,1,1,0,1,1,1,3,2,3,1,0,0,0,1,0,1,0,0,1,0,1,1,0,1,0,0,0,1,0,0,0,1,0,0,0,1,0,0,0,0,0,0,1,0,1,0,1,0,0,1,0,0,1,0,0,1,0,0
2,0,0,1,2,1,1,1,0,1,1,2,3,1,5,0,1,0,0,1,0,1,0,0,1,0,1,1,0,1,0,0,0,1,0,0,0,1,0,0,0,1,0,0,0,0,0,0,0,1,1,0,1,0,0,1,0,0,1,0,0,1,0,0
2,0,3,2,0,1,1,1,1,1,0,2,4,2,3,0,1,0,0,1,0,1,0,0,1,0,1,1,0,1,0,0,0,0,1,0,0,1,0,0,0,0,0,0,1,0,0,0,1,0,1,0,1,0,0,1,0,0,1,0,0,0,1,0
2,0,2,2,2,0,0,1,0,2,1,2,1,1,1,1,0,0,0,1,0,1,0,0,1,1,0,1,0,1,0,0,0,0,1,0,0,1,0,0,0,1,0,0,0,0,1,0,0,0,1,0,1,0,0,1,0,0,1,0,0,0,1,0
3,1,1,2,1,1,1,1,0,1,1,1,2,1,2,1,0,0,0,1,1,0,0,0,1,0,1,0,1,0,0,0,1,1,0,0,0,1,0,0,0,1,0,0,0,0,0,0,1,0,1,0,1,0,0,0,1,0,1,0,0,1,0,0
2,1,0,0,1,1,1,1,1,1,1,1,2,2,1,0,1,0,0,1,0,1,0,0,1,0,1,1,0,0,1,0,0,1,0,0,0,1,0,0,0,1,0,0,0,0,0,1,0,0,1,0,1,0,0,1,0,0,1,0,0,0,0,1
2,0,0,1,4,0,1,1,1,1,2,2,2,2,4,0,1,0,1,0,0,0,1,1,0,1,0,0,1,1,0,0,0,1,0,0,0,1,0,0,0,1,0,0,0,1,0,0,0,0,1,0,1,0,0,1,0,0,1,0,0,1,0,0
2,1,0,2,3,2,0,0,0,1,1,1,3,1,1,0,1,0,1,0,0,1,0,1,0,0,1,0,1,1,0,0,0,1,0,0,0,1,0,0,0,1,0,0,0,1,0,0,0,0,1,0,1,0,0,1,0,0,0,1,0,1,0,0
2,1,0,0,4,0,1,1,1,1,1,1,2,1,5,0,1,0,1,0,0,1,0,0,1,1,0,0,1,1,0,0,0,1,0,0,0,1,0,0,0,1,0,0,0,1,0,0,0,0,1,0,1,0,0,1,0,0,1,0,0,0,1,0
2,2,0,3,1,1,0,0,0,2,0,2,4,2,3,0,1,0,0,1,0,1,0,0,1,0,1,0,1,0,0,0,1,0,1,0,0,1,0,0,0,0,0,1,0,0,1,0,0,0,1,0,1,0,0,1,0,0,0,1,0,1,0,0
2,3,0,0,4,0,1,1,0,0,2,2,4,3,3,0,0,1,0,1,0,1,0,1,0,0,1,1,0,1,0,0,0,0,1,0,0,0,0,1,0,1,0,0,0,1,0,0,0,0,1,0,1,0,0,0,0,1,0,0,1,0,0,1
2,0,0,2,4,3,1,2,0,2,1,2,4,3,5,0,1,0,0,1,0,1,0,0,1,1,0,0,1,1,0,0,0,1,0,0,0,1,0,0,0,1,0,0,0,0,0,0,1,0,1,0,1,0,0,1,0,0,0,1,0,0,0,1
2,0,3,1,2,1,2,1,0,2,1,2,4,3,4,0,1,0,0,1,0,1,0,1,0,1,0,0,1,1,0,0,0,1,0,0,0,1,0,0,0,0,1,0,0,0,0,1,0,0,1,0,1,0,0,1,0,0,1,0,0,1,0,0
2,2,0,2,4,2,1,1,0,2,1,1,4,3,3,0,0,1,0,1,0,1,0,0,1,0,1,1,0,1,0,0,0,1,0,0,0,0,1,0,0,1,0,0,0,1,0,0,0,0,1,0,1,0,0,1,0,0,1,0,0,0,1,0
2,0,3,3,2,2,1,1,0,2,2,1,3,2,5,0,1,0,0,1,0,1,0,0,1,1,0,1,0,1,0,0,0,1,0,0,0,1,0,0,0,1,0,0,0,0,0,1,0,0,1,0,1,0,0,1,0,0,1,0,0,0,1,0
2,4,5,0,2,0,1,1,0,0,2,2,1,0,2,0,1,0,1,0,0,1,0,0,1,0,1,0,1,0,1,0,0,1,0,0,0,1,0,0,0,1,0,0,0,0,0,1,0,0,1,0,1,0,0,1,0,0,1,0,0,1,0,0
2,1,0,2,3,2,0,1,1,2,1,1,3,3,5,1,0,0,0,1,0,0,1,0,1,1,0,0,1,1,0,0,0,0,1,0,0,1,0,0,0,1,0,0,0,0,0,1,0,0,1,0,0,0,1,1,0,0,1,0,0,0,1,0
2,0,1,2,1,2,1,1,0,1,2,2,4,3,3,0,1,0,0,1,0,1,0,0,1,0,1,0,1,0,0,0,1,0,1,0,0,1,0,0,0,1,0,0,0,0,0,0,1,0,1,0,1,0,0,1,0,0,1,0,0,0,1,0
3,1,0,2,2,0,0,1,0,1,1,1,2,2,5,0,1,0,0,1,0,1,0,0,1,0,1,1,0,1,0,0,0,1,0,0,0,1,0,0,0,1,0,0,0,1,0,0,0,0,1,0,1,0,0,0,0,1,1,0,0,1,0,0
4,0,1,1,1,0,1,1,0,2,1,2,3,2,3,0,1,0,0,1,0,0,1,0,1,0,1,0,1,1,0,0,0,1,0,0,0,1,0,0,0,1,0,0,0,1,0,0,0,0,1,0,0,0,1,0,1,0,1,0,0,1,0,0
2,2,1,3,2,0,0,1,1,1,0,1,1,1,2,1,0,0,0,1,0,1,0,0,1,0,1,1,0,1,0,0,0,1,0,0,0,1,0,0,0,1,0,0,0,0,0,0,1,0,1,0,0,0,1,0,1,0,1,0,0,1,0,0
2,0,2,1,4,1,1,1,0,2,1,1,4,3,5,0,1,0,0,1,0,1,0,0,1,0,1,1,0,1,0,0,0,1,0,0,0,1,0,0,0,1,0,0,0,0,0,0,0,1,1,0,1,0,0,1,0,0,1,0,0,0,0,1
2,2,2,3,3,1,1,1,1,1,1,0,1,2,1,0,1,0,0,1,0,0,1,1,0,1,0,0,1,1,0,0,0,0,1,0,0,0,1,0,0,1,0,0,0,0,1,0,0,0,1,0,1,0,0,1,0,0,1,0,0,0,1,0
3,0,1,2,4,0,1,1,1,1,1,2,3,2,5,0,1,0,1,0,0,1,0,1,0,0,1,0,1,1,0,0,0,1,0,0,0,0,0,1,0,1,0,0,0,0,0,0,0,1,1,0,1,0,0,1,0,0,1,0,0,0,1,0
3,0,1,1,1,0,0,1,0,2,1,2,2,1,5,0,1,0,1,0,0,1,0,0,1,0,1,1,0,1,0,0,0,1,0,0,0,1,0,0,0,1,0,0,0,0,0,1,0,0,1,0,1,0,0,0,1,0,1,0,0,1,0,0
3,0,3,2,0,1,1,1,0,1,1,2,4,3,7,1,0,0,0,1,0,1,0,0,1,1,0,1,0,1,0,0,0,1,0,0,0,0,1,0,0,0,0,1,0,0,1,0,0,0,1,0,1,0,0,1,0,0,1,0,0,1,0,0
3,0,0,2,4,1,1,0,0,1,2,2,1,1,6,1,0,0,1,0,0,0,1,0,1,0,1,0,1,1,0,0,0,0,0,1,0,1,0,0,0,1,0,0,0,0,0,0,1,0,1,0,1,0,0,1,0,0,1,0,0,0,0,1
2,0,0,0,1,1,2,2,0,1,1,2,2,2,6,1,0,0,0,1,0,1,0,0,1,1,0,1,0,1,0,0,0,0,1,0,0,1,0,0,0,1,0,0,0,0,0,1,0,0,1,0,1,0,0,1,0,0,1,0,0,0,1,0
3,0,0,2,3,2,0,0,0,2,1,2,4,2,6,0,1,0,0,1,0,1,0,0,1,0,1,0,1,1,0,0,0,0,1,0,0,1,0,0,0,1,0,0,0,0,0,0,1,0,0,1,1,0,0,1,0,0,0,1,0,1,0,0
3,0,1,1,2,1,1,1,0,2,1,2,2,2,7,1,0,0,0,1,0,1,0,0,1,0,1,0,1,1,0,0,0,1,0,0,0,1,0,0,0,1,0,0,0,1,0,0,0,0,0,1,1,0,0,0,1,0,1,0,0,0,1,0
3,0,0,4,3,2,2,0,0,1,1,1,3,0,7,1,0,0,0,1,0,1,0,0,1,1,0,0,1,1,0,0,0,0,0,1,0,1,0,0,0,1,0,0,0,0,1,0,0,0,1,0,1,0,0,1,0,0,1,0,0,0,1,0
1,1,4,3,2,1,2,1,0,1,0,1,1,1,4,0,1,0,0,1,1,0,0,0,1,1,0,0,1,1,0,0,0,1,0,0,0,1,0,0,0,0,0,1,0,0,0,1,0,0,1,0,1,0,0,0,0,1,0,1,0,0,0,1
1,1,5,4,1,1,1,1,1,1,1,1,0,0,7,1,0,0,0,1,1,0,0,0,1,0,1,1,0,0,1,0,0,0,1,0,0,1,0,0,0,0,0,1,0,0,1,0,0,0,0,1,1,0,0,0,0,1,1,0,0,0,1,0
3,0,0,2,3,1,2,2,1,2,2,1,1,1,4,0,1,0,1,0,0,1,0,1,0,1,0,0,1,1,0,0,0,1,0,0,0,1,0,0,0,1,0,0,0,0,0,0,1,0,1,0,1,0,0,1,0,0,1,0,0,0,1,0
3,0,0,2,3,0,1,1,0,2,2,2,3,3,3,0,1,0,0,1,0,1,0,0,1,0,1,0,1,1,0,0,0,1,0,0,0,1,0,0,0,1,0,0,0,0,0,0,1,0,1,0,0,0,1,1,0,0,1,0,0,0,1,0
2,0,0,0,1,0,0,0,0,1,2,0,3,1,4,0,1,0,1,0,0,1,0,1,0,0,1,1,0,0,1,0,0,1,0,0,0,1,0,0,0,1,0,0,0,0,0,1,0,0,1,0,0,0,1,1,0,0,1,0,0,0,1,0
2,0,0,1,3,1,1,1,0,2,2,1,4,3,3,0,0,1,0,1,0,1,0,1,0,0,1,0,1,1,0,0,0,0,1,0,0,1,0,0,0,1,0,0,0,0,0,1,0,0,1,0,1,0,0,1,0,0,1,0,0,0,0,1
3,1,2,0,2,1,1,2,0,2,2,1,3,2,7,0,1,0,0,1,0,1,0,1,0,0,1,1,0,1,0,0,0,1,0,0,0,1,0,0,0,1,0,0,0,0,0,1,0,0,1,0,1,0,0,1,0,0,1,0,0,0,0,1
2,2,3,3,1,0,1,1,0,2,1,2,0,1,7,0,1,0,0,1,0,0,1,0,1,0,1,0,1,1,0,0,0,1,0,0,0,1,0,0,1,0,0,0,0,0,1,0,0,0,1,0,1,0,0,0,0,1,1,0,0,0,0,1
2,2,3,1,4,0,1,1,0,2,2,2,4,3,7,0,0,1,0,1,0,0,1,1,0,0,1,1,0,1,0,0,0,0,1,0,0,0,0,1,0,1,0,0,0,1,0,0,0,0,1,0,1,0,0,0,0,1,0,0,1,0,0,1
4,1,0,0,4,0,0,0,0,2,1,2,3,2,4,1,0,0,0,1,0,1,0,0,1,0,1,0,1,1,0,0,0,1,0,0,0,1,0,0,0,1,0,0,0,1,0,0,0,0,1,0,1,0,0,1,0,0,1,0,0,0,0,1
3,0,2,2,1,1,1,1,0,2,1,2,4,3,5,0,1,0,0,1,0,1,0,0,1,0,1,0,1,0,0,0,1,0,1,0,0,1,0,0,0,0,0,1,0,1,0,0,0,0,1,0,1,0,0,1,0,0,1,0,0,0,1,0
2,1,2,3,1,1,1,1,0,1,1,1,0,0,6,0,1,0,0,1,0,1,0,0,1,1,0,0,1,1,0,0,0,1,0,0,0,1,0,0,1,0,0,0,0,1,0,0,0,0,1,0,1,0,0,0,1,0,1,0,0,0,1,0
3,0,3,3,0,1,1,1,0,2,0,1,4,2,6,1,0,0,0,1,0,1,0,0,1,1,0,1,0,1,0,0,0,1,0,0,0,1,0,0,0,0,1,0,0,0,1,0,0,0,1,0,1,0,0,1,0,0,0,1,0,0,0,1
2,0,2,4,2,1,1,1,1,2,0,2,2,1,6,0,1,0,0,1,0,1,0,0,1,0,1,0,1,1,0,0,0,1,0,0,0,1,0,0,0,1,0,0,0,0,1,0,0,0,1,0,1,0,0,1,0,0,1,0,0,0,0,1
2,0,2,2,0,1,1,1,0,1,2,1,3,1,6,0,1,0,1,0,0,1,0,0,1,1,0,1,0,0,1,0,0,0,0,1,0,1,0,0,0,0,0,1,0,0,1,0,0,0,1,0,1,0,0,1,0,0,1,0,0,0,0,1
4,0,3,0,4,1,1,1,0,1,2,2,4,3,6,0,1,0,0,1,0,1,0,1,0,1,0,1,0,1,0,0,0,0,1,0,0,1,0,0,0,1,0,0,0,0,0,1,0,0,1,0,1,0,0,1,0,0,1,0,0,0,1,0
2,0,2,3,3,2,1,1,0,2,1,2,1,1,7,1,0,0,0,1,0,1,0,0,1,0,1,0,1,1,0,0,0,1,0,0,0,1,0,0,0,0,1,0,0,0,1,0,0,0,1,0,1,0,0,1,0,0,1,0,0,0,0,1
0,0,0,1,3,4,1,0,0,2,2,2,1,1,4,1,0,0,0,1,0,1,0,1,0,0,1,1,0,1,0,0,0,0,1,0,0,1,0,0,0,1,0,0,0,0,0,1,0,0,1,0,1,0,0,1,0,0,1,0,0,0,1,0
2,0,2,1,4,1,1,2,0,2,1,1,4,3,6,0,1,0,0,1,0,1,0,0,1,0,1,1,0,1,0,0,0,1,0,0,0,1,0,0,0,1,0,0,0,0,0,0,0,1,1,0,1,0,0,1,0,0,1,0,0,0,0,1
4,0,2,3,0,1,1,2,0,2,1,1,3,2,5,1,0,0,0,1,0,0,1,1,0,1,0,1,0,0,1,0,0,0,0,1,0,1,0,0,0,1,0,0,0,1,0,0,0,0,1,0,1,0,0,1,0,0,1,0,0,1,0,0
3,0,1,1,2,1,2,1,0,2,1,2,1,2,7,1,0,0,0,1,0,1,0,0,1,1,0,1,0,0,1,0,0,0,0,1,0,1,0,0,0,0,0,1,0,0,1,0,0,0,1,0,1,0,0,1,0,0,1,0,0,0,1,0
3,0,2,2,3,1,1,1,0,2,1,1,2,2,6,1,0,0,0,1,0,1,0,1,0,0,1,0,1,1,0,0,0,0,0,1,0,1,0,0,0,1,0,0,0,0,0,1,0,0,1,0,1,0,0,1,0,0,1,0,0,1,0,0
3,0,1,3,1,1,2,1,0,2,0,1,3,3,7,1,0,0,0,1,0,1,0,0,1,1,0,0,1,0,0,0,1,0,1,0,0,1,0,0,0,1,0,0,0,0,0,0,0,1,1,0,1,0,0,1,0,0,1,0,0,1,0,0
2,0,2,3,1,2,1,1,0,2,1,2,1,1,7,0,1,0,0,1,0,1,0,0,1,0,1,0,1,0,0,0,1,0,1,0,0,1,0,0,0,1,0,0,0,1,0,0,0,0,1,0,1,0,0,1,0,0,1,0,0,0,1,0
3,0,3,0,1,1,1,1,0,1,1,1,2,2,6,1,0,0,0,1,0,1,0,0,1,0,1,0,1,0,1,0,0,0,0,1,0,1,0,0,0,0,1,0,0,0,0,1,0,0,1,0,1,0,0,1,0,0,1,0,0,1,0,0
3,1,1,2,0,1,1,1,0,2,2,1,1,2,7,1,0,0,0,1,0,1,0,0,1,0,1,1,0,1,0,0,0,0,0,1,0,1,0,0,0,1,0,0,0,0,0,0,1,0,1,0,1,0,0,1,0,0,1,0,0,1,0,0
2,0,2,0,0,1,1,1,0,2,0,1,2,3,7,1,0,0,0,1,0,1,0,0,1,0,1,1,0,1,0,0,0,0,1,0,0,0,1,0,0,0,0,1,0,0,0,0,1,0,0,1,1,0,0,1,0,0,1,0,0,1,0,0
3,4,0,2,3,1,2,1,0,1,1,2,3,3,7,1,0,0,0,1,1,0,0,0,1,0,1,1,0,1,0,0,0,0,1,0,0,1,0,0,0,1,0,0,0,1,0,0,0,0,1,0,1,0,0,1,0,0,1,0,0,0,1,0
2,0,3,3,0,1,1,1,0,1,2,1,0,0,3,1,0,0,1,0,0,1,0,0,1,0,1,0,1,0,1,0,0,0,1,0,0,1,0,0,0,0,1,0,0,0,1,0,0,0,1,0,1,0,0,1,0,0,1,0,0,0,1,0
3,0,1,1,3,1,2,1,1,1,0,2,2,2,7,1,0,0,0,1,0,1,0,1,0,1,0,0,1,1,0,0,0,1,0,0,0,1,0,0,0,1,0,0,0,0,0,0,1,0,1,0,1,0,0,1,0,0,0,1,0,1,0,0
3,0,1,1,0,2,1,1,0,1,1,1,3,3,7,1,0,0,0,1,0,1,0,0,1,1,0,0,1,1,0,0,0,0,1,0,0,1,0,0,0,1,0,0,0,1,0,0,0,0,1,0,1,0,0,0,0,1,0,1,0,1,0,0
3,0,0,2,4,1,1,1,0,1,2,1,3,1,6,1,0,0,1,0,0,1,0,1,0,1,0,0,1,1,0,0,0,0,0,1,0,1,0,0,0,1,0,0,0,0,0,0,1,0,1,0,1,0,0,0,1,0,1,0,0,1,0,0
4,1,0,1,0,2,2,1,1,1,2,0,2,2,6,0,1,0,1,0,1,0,0,0,1,1,0,0,1,0,1,0,0,1,0,0,0,0,0,1,1,0,0,0,0,0,0,0,0,1,1,0,1,0,0,1,0,0,1,0,0,0,1,0
2,0,3,3,1,2,1,1,0,2,1,2,3,3,7,1,0,0,0,1,1,0,0,0,1,1,0,1,0,0,1,0,0,0,1,0,0,0,0,1,0,1,0,0,0,0,0,0,0,1,1,0,1,0,0,0,1,0,0,1,0,1,0,0
2,1,3,3,1,1,1,1,1,1,1,1,1,2,2,0,1,0,0,1,0,1,0,0,1,0,1,0,1,0,0,0,1,0,1,0,0,0,1,0,1,0,0,0,0,0,0,0,0,1,1,0,1,0,0,1,0,0,1,0,0,1,0,0
4,0,2,2,0,0,1,1,0,2,0,2,3,2,2,1,0,0,1,0,1,0,0,0,1,1,0,0,1,1,0,0,0,0,1,0,0,1,0,0,0,0,1,0,0,0,1,0,0,0,0,1,0,1,0,1,0,0,1,0,0,0,0,1
2,0,0,0,1,0,0,0,0,2,2,2,3,1,2,0,1,0,1,0,0,0,1,1,0,0,1,0,1,0,0,1,0,0,0,1,0,1,0,0,0,1,0,0,0,1,0,0,0,0,0,1,0,0,1,0,1,0,1,0,0,1,0,0
2,0,3,3,0,1,1,2,1,1,1,0,0,1,1,0,1,0,1,0,0,0,1,0,1,0,1,0,1,0,0,0,1,0,1,0,0,1,0,0,0,0,1,0,0,0,1,0,0,0,0,1,0,0,1,0,1,0,1,0,0,1,0,0
4,3,0,0,0,1,1,1,0,1,1,0,0,0,2,0,1,0,1,0,0,1,0,1,0,1,0,0,1,1,0,0,0,1,0,0,0,1,0,0,0,1,0,0,0,1,0,0,0,0,0,1,0,1,0,1,0,0,1,0,0,0,1,0
4,0,0,0,1,2,2,1,0,2,1,2,1,1,1,0,1,0,1,0,0,1,0,1,0,0,1,1,0,1,0,0,0,1,0,0,0,1,0,0,0,1,0,0,0,0,1,0,0,0,0,1,0,0,1,0,1,0,0,1,0,0,1,0
4,0,0,0,4,2,2,2,0,2,2,2,1,2,1,0,1,0,1,0,0,1,0,0,1,0,1,0,1,1,0,0,0,1,0,0,0,1,0,0,0,1,0,0,0,0,0,0,1,0,0,1,1,0,0,1,0,0,1,0,0,1,0,0
2,0,3,3,0,1,1,2,1,1,2,1,1,2,1,0,0,1,1,0,1,0,0,0,1,1,0,0,1,1,0,0,0,0,1,0,0,1,0,0,1,0,0,0,0,0,0,1,0,0,0,1,1,0,0,1,0,0,1,0,0,1,0,0
4,0,0,1,2,0,1,1,0,2,2,1,2,2,1,1,0,0,0,1,0,1,0,0,1,1,0,1,0,0,0,0,1,0,1,0,0,1,0,0,0,0,0,1,0,0,0,0,1,0,1,0,1,0,0,0,0,1,1,0,0,0,1,0
3,0,2,2,1,4,1,1,0,1,1,2,2,2,2,0,1,0,1,0,0,1,0,0,1,1,0,0,1,1,0,0,0,0,1,0,0,0,0,1,0,1,0,0,0,0,0,0,0,1,1,0,1,0,0,1,0,0,0,1,0,1,0,0
2,1,2,2,1,0,0,0,1,2,2,2,1,1,1,0,1,0,1,0,1,0,0,1,0,1,0,1,0,0,1,0,0,0,0,1,0,1,0,0,0,0,1,0,0,0,0,0,1,0,1,0,1,0,0,0,1,0,1,0,0,0,1,0
2,0,0,0,4,4,2,2,0,0,0,0,0,0,0,0,1,0,1,0,0,1,0,1,0,1,0,1,0,0,1,0,0,1,0,0,0,0,0,1,0,1,0,0,0,0,0,0,1,0,1,0,0,0,1,0,1,0,1,0,0,1,0,0
4,0,2,2,1,1,0,1,0,2,1,1,3,2,2,1,0,0,0,1,0,1,0,0,1,1,0,0,1,1,0,0,0,1,0,0,0,1,0,0,0,1,0,0,0,1,0,0,0,0,1,0,0,1,0,0,1,0,1,0,0,1,0,0
2,2,2,1,3,1,1,2,0,2,2,1,0,0,1,0,1,0,1,0,0,0,1,0,1,0,1,0,1,1,0,0,0,1,0,0,0,1,0,0,1,0,0,0,0,1,0,0,0,0,0,1,1,0,0,1,0,0,1,0,0,1,0,0
3,0,1,2,1,3,1,1,0,2,2,1,2,2,3,1,0,0,1,0,0,1,0,1,0,1,0,1,0,1,0,0,0,0,0,1,0,1,0,0,0,0,0,1,0,0,0,1,0,0,0,1,1,0,0,0,1,0,0,1,0,1,0,0
4,0,0,0,4,2,1,2,0,2,1,2,0,2,2,1,0,0,1,0,0,1,0,1,0,1,0,0,1,1,0,0,0,0,0,1,0,1,0,0,0,1,0,0,0,0,0,1,0,0,0,1,1,0,0,1,0,0,0,1,0,1,0,0
3,2,3,5,1,3,1,2,0,2,2,2,1,1,3,1,0,0,1,0,1,0,0,1,0,1,0,1,0,0,1,0,0,0,0,1,0,1,0,0,0,0,0,1,0,0,0,1,0,0,1,0,1,0,0,0,1,0,1,0,0,1,0,0
3,0,2,1,1,1,0,0,0,2,1,1,1,1,1,1,0,0,1,0,0,1,0,0,1,0,1,0,1,0,0,0,1,0,0,1,0,1,0,0,0,0,1,0,0,0,0,0,1,0,0,1,1,0,0,1,0,0,1,0,0,1,0,0
3,0,2,3,1,1,0,0,0,2,1,1,1,1,0,1,0,0,1,0,0,1,0,0,1,1,0,1,0,0,0,0,1,0,0,1,0,1,0,0,0,0,0,1,0,0,1,0,0,0,0,1,1,0,0,1,0,0,1,0,0,1,0,0
2,0,0,0,2,3,1,2,0,2,1,2,1,2,3,1,0,0,1,0,0,1,0,1,0,1,0,0,1,1,0,0,0,1,0,0,0,1,0,0,0,1,0,0,0,0,0,0,1,0,0,1,1,0,0,0,1,0,0,1,0,0,1,0
2,0,0,1,2,3,1,1,0,2,0,2,1,2,1,1,0,0,1,0,0,1,0,1,0,1,0,0,1,1,0,0,0,1,0,0,0,1,0,0,0,1,0,0,0,0,0,0,1,0,0,1,1,0,0,1,0,0,0,1,0,0,1,0
4,0,3,2,0,3,0,2,0,2,1,2,4,2,4,1,0,0,1,0,1,0,0,0,1,1,0,0,1,0,1,0,0,0,1,0,0,1,0,0,0,0,1,0,0,0,1,0,0,0,0,1,1,0,0,1,0,0,0,1,0,1,0,0
4,0,0,1,2,1,1,2,0,2,1,2,4,3,3,1,0,0,1,0,1,0,0,0,1,1,0,0,1,1,0,0,0,0,1,0,0,1,0,0,0,1,0,0,0,1,0,0,0,0,0,1,1,0,0,0,1,0,1,0,0,1,0,0
4,0,0,0,0,2,0,1,0,2,2,2,4,2,3,1,0,0,1,0,0,1,0,0,1,0,1,1,0,1,0,0,0,1,0,0,0,1,0,0,0,1,0,0,0,0,0,1,0,0,0,1,1,0,0,1,0,0,1,0,0,0,1,0
3,0,0,0,1,1,1,1,0,1,0,1,1,2,1,1,0,0,1,0,0,1,0,0,1,1,0,0,1,0,1,0,0,0,0,1,0,1,0,0,0,0,0,1,0,0,0,1,0,0,0,1,1,0,0,1,0,0,1,0,0,1,0,0
2,0,2,2,0,1,2,1,0,2,2,1,2,1,2,0,1,0,1,0,0,1,0,1,0,1,0,0,1,0,0,0,1,0,1,0,0,1,0,0,0,1,0,0,0,1,0,0,0,0,1,0,0,0,1,1,0,0,1,0,0,1,0,0
2,0,2,2,2,1,1,1,0,2,1,1,1,1,0,1,0,0,1,0,0,1,0,1,0,1,0,1,0,0,1,0,0,0,0,1,0,1,0,0,0,0,1,0,0,0,0,0,1,0,0,1,1,0,0,0,0,1,1,0,0,1,0,0
4,0,1,1,1,1,1,1,0,2,0,2,1,3,2,1,0,0,1,0,1,0,0,0,1,1,0,0,1,1,0,0,0,1,0,0,0,1,0,0,0,1,0,0,0,1,0,0,0,0,1,0,1,0,0,1,0,0,1,0,0,1,0,0
3,4,2,0,0,1,1,2,0,2,1,2,0,2,0,1,0,0,1,0,0,1,0,1,0,1,0,1,0,0,1,0,0,0,0,1,0,0,1,0,0,0,0,1,0,0,0,0,0,1,0,1,0,0,1,0,1,0,1,0,0,1,0,0
3,1,2,2,0,0,0,1,1,1,2,1,0,1,0,1,0,0,1,0,0,1,0,1,0,0,1,1,0,0,1,0,0,0,0,1,0,1,0,0,0,0,0,0,1,0,0,0,1,0,0,1,1,0,0,0,1,0,1,0,0,1,0,0
2,0,0,1,1,2,2,1,0,1,0,1,2,2,5,0,1,0,1,0,0,1,0,1,0,1,0,0,1,1,0,0,0,0,1,0,0,0,1,0,0,1,0,0,0,0,0,0,1,0,1,0,1,0,0,1,0,0,1,0,0,1,0,0
3,0,0,0,4,2,1,1,1,2,1,1,4,2,5,1,0,0,1,0,0,1,0,0,1,0,1,0,1,0,0,0,1,0,1,0,0,1,0,0,0,1,0,0,0,1,0,0,0,0,0,1,1,0,0,1,0,0,1,0,0,1,0,0
3,0,2,3,3,1,1,1,0,2,2,1,3,2,1,1,0,0,1,0,1,0,0,0,1,0,1,0,1,1,0,0,0,1,0,0,0,1,0,0,0,1,0,0,0,0,0,0,1,0,1,0,1,0,0,1,0,0,1,0,0,1,0,0
3,4,3,3,0,1,1,0,0,1,0,1,4,2,4,0,1,0,1,0,0,1,0,1,0,1,0,1,0,0,1,0,0,0,0,1,0,1,0,0,0,0,1,0,0,0,0,1,0,0,1,0,1,0,0,0,1,0,1,0,0,1,0,0
4,2,2,0,4,2,0,0,0,2,1,2,4,3,3,1,0,0,1,0,1,0,0,0,1,0,1,0,1,1,0,0,0,1,0,0,0,1,0,0,0,1,0,0,0,0,0,0,1,0,1,0,1,0,0,0,1,0,1,0,0,1,0,0
